date,year,quarter,day_of_week,holiday,holiday_type,holiday_indicator,vmt,percentage_observed
2016-01-05,2016,1,Tuesday,Not Applicable,Not Applicable,0,33395081.7,88.249699
2016-01-06,2016,1,Wednesday,Not Applicable,Not Applicable,0,33540000.21,88.55102
2016-01-07,2016,1,Thursday,Not Applicable,Not Applicable,0,34822305.94,87.307322
2016-01-12,2016,1,Tuesday,Not Applicable,Not Applicable,0,38214790.83,89.629051
2016-01-13,2016,1,Wednesday,Not Applicable,Not Applicable,0,38439101.61,90.661464
2016-01-14,2016,1,Thursday,Not Applicable,Not Applicable,0,39131842.61,90.333733
2016-01-20,2016,1,Wednesday,Not Applicable,Not Applicable,0,39467118.39,30.65066
2016-01-21,2016,1,Thursday,Not Applicable,Not Applicable,0,37435151.46,23.589435
2016-01-26,2016,1,Tuesday,Not Applicable,Not Applicable,0,38528517.88,89.873949
2016-01-27,2016,1,Wednesday,Not Applicable,Not Applicable,0,38942824.97,90.063625
2016-01-28,2016,1,Thursday,Not Applicable,Not Applicable,0,38354315.74,52.414165
2016-02-02,2016,1,Tuesday,Not Applicable,Not Applicable,0,38368857.98,89.919567
2016-02-03,2016,1,Wednesday,Not Applicable,Not Applicable,0,38852918.69,91.204081
2016-02-04,2016,1,Thursday,Not Applicable,Not Applicable,0,39620599.33,90.822328
2016-02-09,2016,1,Tuesday,Not Applicable,Not Applicable,0,38753795.45,87.435774
2016-02-10,2016,1,Wednesday,Not Applicable,Not Applicable,0,39557921.88,89.048019
2016-02-11,2016,1,Thursday,Not Applicable,Not Applicable,0,40615308.31,88.821128
2016-02-17,2016,1,Wednesday,Not Applicable,Not Applicable,0,39262284.17,89.356542
2016-02-18,2016,1,Thursday,Not Applicable,Not Applicable,0,39438675.02,89.309723
2016-02-23,2016,1,Tuesday,Not Applicable,Not Applicable,0,39032455.15,89.666266
2016-02-24,2016,1,Wednesday,Not Applicable,Not Applicable,0,39236514.31,90.246098
2016-02-25,2016,1,Thursday,Not Applicable,Not Applicable,0,40260436.24,90.003631
2016-03-01,2016,1,Tuesday,Not Applicable,Not Applicable,0,39088931.83,86.564164
2016-03-02,2016,1,Wednesday,Not Applicable,Not Applicable,0,39731768.83,57.790556
2016-03-03,2016,1,Thursday,Not Applicable,Not Applicable,0,40347524.44,90.520581
2016-03-08,2016,1,Tuesday,Not Applicable,Not Applicable,0,39527996.18,89.644067
2016-03-09,2016,1,Wednesday,Not Applicable,Not Applicable,0,39812623.21,90.273607
2016-03-10,2016,1,Thursday,Not Applicable,Not Applicable,0,40911714.49,90.278113
2016-03-15,2016,1,Tuesday,Not Applicable,Not Applicable,0,39439425.82,90.747279
2016-03-16,2016,1,Wednesday,Not Applicable,Not Applicable,0,40332168.28,91.037484
2016-03-17,2016,1,Thursday,Not Applicable,Not Applicable,0,40935584.35,90.598548
2016-03-22,2016,1,Tuesday,Not Applicable,Not Applicable,0,40301828.87,91.288996
2016-03-23,2016,1,Wednesday,Not Applicable,Not Applicable,0,40898759.75,91.546553
2016-03-29,2016,1,Tuesday,Not Applicable,Not Applicable,0,39536726.94,91.500604
2016-04-05,2016,2,Tuesday,Not Applicable,Not Applicable,0,39938440.43,90.355501
2016-04-06,2016,2,Wednesday,Not Applicable,Not Applicable,0,40231009.04,90.511487
2016-04-07,2016,2,Thursday,Not Applicable,Not Applicable,0,38675625.74,89.592503
2016-04-12,2016,2,Tuesday,Not Applicable,Not Applicable,0,39431733.73,90.518742
2016-04-13,2016,2,Wednesday,Not Applicable,Not Applicable,0,39847866.02,90.605804
2016-04-14,2016,2,Thursday,Not Applicable,Not Applicable,0,40762848.1,90.590084
2016-04-19,2016,2,Tuesday,Not Applicable,Not Applicable,0,39589011.27,90.180387
2016-04-20,2016,2,Wednesday,Not Applicable,Not Applicable,0,39989428.62,90.263922
2016-04-21,2016,2,Thursday,Not Applicable,Not Applicable,0,40651199.29,90.503631
2016-04-26,2016,2,Tuesday,Not Applicable,Not Applicable,0,39499179.06,90.374092
2016-04-27,2016,2,Wednesday,Not Applicable,Not Applicable,0,39922553.21,90.708232
2016-04-28,2016,2,Thursday,Not Applicable,Not Applicable,0,40408994.2,90.210653
2016-05-03,2016,2,Tuesday,Not Applicable,Not Applicable,0,39514863.99,90.021791
2016-05-04,2016,2,Wednesday,Not Applicable,Not Applicable,0,40080180.52,88.802663
2016-05-05,2016,2,Thursday,Not Applicable,Not Applicable,0,40834189.12,89.497578
2016-05-10,2016,2,Tuesday,Not Applicable,Not Applicable,0,39888056.77,90.187424
2016-05-11,2016,2,Wednesday,Not Applicable,Not Applicable,0,40033731.84,89.392986
2016-05-12,2016,2,Thursday,Not Applicable,Not Applicable,0,41059668,89.593712
2016-05-17,2016,2,Tuesday,Not Applicable,Not Applicable,0,39554657.98,88.946795
2016-05-18,2016,2,Wednesday,Not Applicable,Not Applicable,0,40230898.34,88.80532
2016-05-19,2016,2,Thursday,Not Applicable,Not Applicable,0,40997536.31,89.740024
2016-05-24,2016,2,Tuesday,Not Applicable,Not Applicable,0,39449817.98,89.347037
2016-05-25,2016,2,Wednesday,Not Applicable,Not Applicable,0,40288309.33,89.441354
2016-05-26,2016,2,Thursday,Not Applicable,Not Applicable,0,41307750.84,89.195888
2016-06-01,2016,2,Wednesday,Not Applicable,Not Applicable,0,40877578.93,88.831922
2016-06-02,2016,2,Thursday,Not Applicable,Not Applicable,0,41204031.59,89.149939
2016-06-07,2016,2,Tuesday,Not Applicable,Not Applicable,0,40106900.86,89.534378
2016-06-08,2016,2,Wednesday,Not Applicable,Not Applicable,0,40704505.79,89.344993
2016-06-09,2016,2,Thursday,Not Applicable,Not Applicable,0,41246006.65,88.984318
2016-06-14,2016,2,Tuesday,Not Applicable,Not Applicable,0,40316551.39,89.44632
2016-06-15,2016,2,Wednesday,Not Applicable,Not Applicable,0,41229420.65,89.343787
2016-06-16,2016,2,Thursday,Not Applicable,Not Applicable,0,41760988.9,89.800965
2016-06-21,2016,2,Tuesday,Not Applicable,Not Applicable,0,40767186.31,42.31363
2016-06-22,2016,2,Wednesday,Not Applicable,Not Applicable,0,41117003.41,88.276236
2016-06-23,2016,2,Thursday,Not Applicable,Not Applicable,0,41694244.15,89.622436
2016-06-28,2016,2,Tuesday,Not Applicable,Not Applicable,0,40463324.95,89.574185
2016-06-29,2016,2,Wednesday,Not Applicable,Not Applicable,0,40981479.31,89.891435
2016-06-30,2016,2,Thursday,Not Applicable,Not Applicable,0,41982566.86,89.562123
2016-07-06,2016,3,Wednesday,Not Applicable,Not Applicable,0,40745444.26,89.131483
2016-07-07,2016,3,Thursday,Not Applicable,Not Applicable,0,41035345.78,89.137515
2016-07-12,2016,3,Tuesday,Not Applicable,Not Applicable,0,40697769.41,88.726176
2016-07-13,2016,3,Wednesday,Not Applicable,Not Applicable,0,40969181.52,88.718938
2016-07-14,2016,3,Thursday,Not Applicable,Not Applicable,0,41569855.68,87.791314
2016-07-19,2016,3,Tuesday,Not Applicable,Not Applicable,0,40385107.82,89.143546
2016-07-20,2016,3,Wednesday,Not Applicable,Not Applicable,0,41283301.73,89.125452
2016-07-21,2016,3,Thursday,Not Applicable,Not Applicable,0,41746281.19,86.535585
2016-07-26,2016,3,Tuesday,Not Applicable,Not Applicable,0,40260615.36,89.024125
2016-07-27,2016,3,Wednesday,Not Applicable,Not Applicable,0,40973889.31,89.454764
2016-07-28,2016,3,Thursday,Not Applicable,Not Applicable,0,41637933.13,89.521109
2016-08-02,2016,3,Tuesday,Not Applicable,Not Applicable,0,40540215.51,89.566948
2016-08-03,2016,3,Wednesday,Not Applicable,Not Applicable,0,41132439.76,89.615199
2016-08-04,2016,3,Thursday,Not Applicable,Not Applicable,0,41566725.89,89.551266
2016-08-09,2016,3,Tuesday,Not Applicable,Not Applicable,0,39987820.18,83.349819
2016-08-10,2016,3,Wednesday,Not Applicable,Not Applicable,0,40283222.74,88.920386
2016-08-11,2016,3,Thursday,Not Applicable,Not Applicable,0,41105009.47,89.043425
2016-08-16,2016,3,Tuesday,Not Applicable,Not Applicable,0,39590222.46,88.082026
2016-08-17,2016,3,Wednesday,Not Applicable,Not Applicable,0,39814552.03,88.494571
2016-08-18,2016,3,Thursday,Not Applicable,Not Applicable,0,40948148.62,89.159574
2016-08-23,2016,3,Tuesday,Not Applicable,Not Applicable,0,40441551.82,87.821513
2016-08-24,2016,3,Wednesday,Not Applicable,Not Applicable,0,40431921.56,87.073286
2016-08-25,2016,3,Thursday,Not Applicable,Not Applicable,0,41054313.37,86.573286
2016-08-30,2016,3,Tuesday,Not Applicable,Not Applicable,0,39559329.97,85.177304
2016-08-31,2016,3,Wednesday,Not Applicable,Not Applicable,0,40274059.58,84.452718
2016-09-01,2016,3,Thursday,Not Applicable,Not Applicable,0,41195801.75,82.485815
2016-09-07,2016,3,Wednesday,Not Applicable,Not Applicable,0,39825613.7,85.44208
2016-09-08,2016,3,Thursday,Not Applicable,Not Applicable,0,40128508.75,86.291962
2016-09-13,2016,3,Tuesday,Not Applicable,Not Applicable,0,39312142.27,85.827262
2016-09-14,2016,3,Wednesday,Not Applicable,Not Applicable,0,39918728.23,85.165687
2016-09-15,2016,3,Thursday,Not Applicable,Not Applicable,0,40612555.39,85.257344
2016-09-20,2016,3,Tuesday,Not Applicable,Not Applicable,0,37511076.98,84.575793
2016-09-21,2016,3,Wednesday,Not Applicable,Not Applicable,0,39026374.69,83.452408
2016-09-22,2016,3,Thursday,Not Applicable,Not Applicable,0,40849146.5,84.908343
2016-09-27,2016,3,Tuesday,Not Applicable,Not Applicable,0,39524305.26,83.6698
2016-09-28,2016,3,Wednesday,Not Applicable,Not Applicable,0,39767957.52,84.842538
2016-09-29,2016,3,Thursday,Not Applicable,Not Applicable,0,40935968.56,80.278495
2016-10-04,2016,4,Tuesday,Not Applicable,Not Applicable,0,39770402.03,82.923619
2016-10-05,2016,4,Wednesday,Not Applicable,Not Applicable,0,40133999.83,82.162162
2016-10-06,2016,4,Thursday,Not Applicable,Not Applicable,0,42069517.6,83.288505
2016-10-12,2016,4,Wednesday,Not Applicable,Not Applicable,0,40500726.4,85.362068
2016-10-13,2016,4,Thursday,Not Applicable,Not Applicable,0,42029907.15,85.406896
2016-10-18,2016,4,Tuesday,Not Applicable,Not Applicable,0,40177448.18,84.506787
2016-10-19,2016,4,Wednesday,Not Applicable,Not Applicable,0,40827900.23,83.443438
2016-10-20,2016,4,Thursday,Not Applicable,Not Applicable,0,41498060.35,83.650847
2016-10-25,2016,4,Tuesday,Not Applicable,Not Applicable,0,39973245.49,83.882882
2016-10-26,2016,4,Wednesday,Not Applicable,Not Applicable,0,40585590.17,84.802927
2016-10-27,2016,4,Thursday,Not Applicable,Not Applicable,0,41170374.89,84.673814
2016-11-01,2016,4,Tuesday,Not Applicable,Not Applicable,0,39692342.85,84.401805
2016-11-02,2016,4,Wednesday,Not Applicable,Not Applicable,0,39660990.94,84.495485
2016-11-03,2016,4,Thursday,Not Applicable,Not Applicable,0,41057940.22,84.976297
2016-11-08,2016,4,Tuesday,Not Applicable,Not Applicable,0,39675521.98,84.248593
2016-11-09,2016,4,Wednesday,Not Applicable,Not Applicable,0,40431802.91,84.001124
2016-11-15,2016,4,Tuesday,Not Applicable,Not Applicable,0,40208552.67,83.826576
2016-11-16,2016,4,Wednesday,Not Applicable,Not Applicable,0,40754187.17,83.661036
2016-11-17,2016,4,Thursday,Not Applicable,Not Applicable,0,41501739.53,83.052927
2016-11-29,2016,4,Tuesday,Not Applicable,Not Applicable,0,39703343.73,83.604729
2016-11-30,2016,4,Wednesday,Not Applicable,Not Applicable,0,40442175.52,83.681306
2016-12-01,2016,4,Thursday,Not Applicable,Not Applicable,0,41134528.57,83.039414
2016-12-06,2016,4,Tuesday,Not Applicable,Not Applicable,0,40442160.29,83.454954
2016-12-07,2016,4,Wednesday,Not Applicable,Not Applicable,0,40937698.56,83.368539
2016-12-08,2016,4,Thursday,Not Applicable,Not Applicable,0,41762233.77,83.17528
2016-12-13,2016,4,Tuesday,Not Applicable,Not Applicable,0,40936985.98,80.105617
2016-12-14,2016,4,Wednesday,Not Applicable,Not Applicable,0,42038292.79,80.540449
2016-12-15,2016,4,Thursday,Not Applicable,Not Applicable,0,42546888.17,81.45955
2019-01-03,2019,1,Thursday,Not Applicable,Not Applicable,0,40062205.46,84.817559
2019-01-08,2019,1,Tuesday,Not Applicable,Not Applicable,0,39585858.44,85.433295
2019-01-09,2019,1,Wednesday,Not Applicable,Not Applicable,0,39933059.12,85.600912
2019-01-10,2019,1,Thursday,Not Applicable,Not Applicable,0,40706737.91,86.381984
2019-01-15,2019,1,Tuesday,Not Applicable,Not Applicable,0,37768551.45,82.575826
2019-01-16,2019,1,Wednesday,Not Applicable,Not Applicable,0,39435466.14,73.122006
2019-01-17,2019,1,Thursday,Not Applicable,Not Applicable,0,37879034.09,80.198403
2019-01-23,2019,1,Wednesday,Not Applicable,Not Applicable,0,40337051.96,84.45496
2019-01-24,2019,1,Thursday,Not Applicable,Not Applicable,0,41211611.03,84.990877
2019-01-29,2019,1,Tuesday,Not Applicable,Not Applicable,0,40371708.47,85.962371
2019-01-30,2019,1,Wednesday,Not Applicable,Not Applicable,0,41040923.4,85.696693
2019-01-31,2019,1,Thursday,Not Applicable,Not Applicable,0,38745602.07,85.00228
2019-02-05,2019,1,Tuesday,Not Applicable,Not Applicable,0,38366542.17,83.41049
2019-02-06,2019,1,Wednesday,Not Applicable,Not Applicable,0,40841958.29,81.0935
2019-02-07,2019,1,Thursday,Not Applicable,Not Applicable,0,41619304.05,85.180159
2019-02-12,2019,1,Tuesday,Not Applicable,Not Applicable,0,40810793.88,83.835803
2019-02-13,2019,1,Wednesday,Not Applicable,Not Applicable,0,39307064.25,83.615735
2019-02-14,2019,1,Thursday,Not Applicable,Not Applicable,0,35612927.21,80.332953
2019-02-20,2019,1,Wednesday,Not Applicable,Not Applicable,0,40079931.26,84.204104
2019-02-21,2019,1,Thursday,Not Applicable,Not Applicable,0,39355498.44,84.611174
2019-02-26,2019,1,Tuesday,Not Applicable,Not Applicable,0,40849651.96,85.119726
2019-02-27,2019,1,Wednesday,Not Applicable,Not Applicable,0,41553064.09,85.086659
2019-02-28,2019,1,Thursday,Not Applicable,Not Applicable,0,42150921.93,85.743443
2019-03-05,2019,1,Tuesday,Not Applicable,Not Applicable,0,41008953.52,82.218928
2019-03-06,2019,1,Wednesday,Not Applicable,Not Applicable,0,39813568.41,84.836944
2019-03-07,2019,1,Thursday,Not Applicable,Not Applicable,0,42030680.33,84.00342
2019-03-12,2019,1,Tuesday,Not Applicable,Not Applicable,0,40905220.93,75.080957
2019-03-13,2019,1,Wednesday,Not Applicable,Not Applicable,0,41647935.46,55.846066
2019-03-14,2019,1,Thursday,Not Applicable,Not Applicable,0,42516983.52,78.064994
2019-03-19,2019,1,Tuesday,Not Applicable,Not Applicable,0,41796937.99,78.839224
2019-03-20,2019,1,Wednesday,Not Applicable,Not Applicable,0,40919849.42,85.511972
2019-03-21,2019,1,Thursday,Not Applicable,Not Applicable,0,41690440.86,85.679589
2019-03-26,2019,1,Tuesday,Not Applicable,Not Applicable,0,41633208.64,79.814139
2019-03-27,2019,1,Wednesday,Not Applicable,Not Applicable,0,42050846.22,85.997719
2019-03-28,2019,1,Thursday,Not Applicable,Not Applicable,0,43073730.15,86.173318
2019-04-03,2019,2,Wednesday,Not Applicable,Not Applicable,0,41757665.1,86.440136
2019-04-04,2019,2,Thursday,Not Applicable,Not Applicable,0,42760443.22,86.101482
2019-04-09,2019,2,Tuesday,Not Applicable,Not Applicable,0,41250582.22,86.09236
2019-04-10,2019,2,Wednesday,Not Applicable,Not Applicable,0,41899675.23,85.86659
2019-04-11,2019,2,Thursday,Not Applicable,Not Applicable,0,42608162.31,85.676168
2019-04-16,2019,2,Tuesday,Not Applicable,Not Applicable,0,41747214.76,85.269099
2019-04-17,2019,2,Wednesday,Not Applicable,Not Applicable,0,42701790.8,85.419612
2019-04-23,2019,2,Tuesday,Not Applicable,Not Applicable,0,41943298.7,85.651083
2019-04-24,2019,2,Wednesday,Not Applicable,Not Applicable,0,42282557.58,85.7309
2019-04-25,2019,2,Thursday,Not Applicable,Not Applicable,0,43064740.39,85.771949
2019-04-30,2019,2,Tuesday,Not Applicable,Not Applicable,0,40369311.31,84.988597
2019-05-01,2019,2,Wednesday,Not Applicable,Not Applicable,0,41901592.9,84.679589
2019-05-02,2019,2,Thursday,Not Applicable,Not Applicable,0,42501511.03,85.927023
2019-05-07,2019,2,Tuesday,Not Applicable,Not Applicable,0,40896759.94,85.990877
2019-05-08,2019,2,Wednesday,Not Applicable,Not Applicable,0,41313760.56,86.012542
2019-05-09,2019,2,Thursday,Not Applicable,Not Applicable,0,41866775.86,85.392246
2019-05-14,2019,2,Tuesday,Not Applicable,Not Applicable,0,41315625.23,84.212086
2019-05-15,2019,2,Wednesday,Not Applicable,Not Applicable,0,41930785.74,84.064994
2019-05-16,2019,2,Thursday,Not Applicable,Not Applicable,0,41610028.61,83.752565
2019-05-21,2019,2,Tuesday,Not Applicable,Not Applicable,0,40959336.25,85.166476
2019-05-22,2019,2,Wednesday,Not Applicable,Not Applicable,0,40749415.51,85.332953
2019-05-23,2019,2,Thursday,Not Applicable,Not Applicable,0,42722502.45,85.347776
2019-05-29,2019,2,Wednesday,Not Applicable,Not Applicable,0,41746115.83,85.204104
2019-05-30,2019,2,Thursday,Not Applicable,Not Applicable,0,42637644.45,85.080957
2019-06-04,2019,2,Tuesday,Not Applicable,Not Applicable,0,41352155.32,83.324971
2019-06-05,2019,2,Wednesday,Not Applicable,Not Applicable,0,42552298.22,83.770809
2019-06-06,2019,2,Thursday,Not Applicable,Not Applicable,0,43296190.85,84.063854
2019-06-11,2019,2,Tuesday,Not Applicable,Not Applicable,0,42380620.34,83.907639
2019-06-12,2019,2,Wednesday,Not Applicable,Not Applicable,0,42868537.37,85.011402
2019-06-13,2019,2,Thursday,Not Applicable,Not Applicable,0,43641240.55,83.494868
2019-06-18,2019,2,Tuesday,Not Applicable,Not Applicable,0,42147144.17,81.50171
2019-06-19,2019,2,Wednesday,Not Applicable,Not Applicable,0,42822859.16,82.582668
2019-06-20,2019,2,Thursday,Not Applicable,Not Applicable,0,43542262.71,83.36374
2019-06-25,2019,2,Tuesday,Not Applicable,Not Applicable,0,42045131.13,82.779931
2019-06-26,2019,2,Wednesday,Not Applicable,Not Applicable,0,42843575.98,81.256556
2019-06-27,2019,2,Thursday,Not Applicable,Not Applicable,0,43572283.15,83.460661
2019-07-02,2019,3,Tuesday,Not Applicable,Not Applicable,0,42531951.57,83.758266
2019-07-09,2019,3,Tuesday,Not Applicable,Not Applicable,0,41960424.26,84.0935
2019-07-10,2019,3,Wednesday,Not Applicable,Not Applicable,0,42491967.01,84.102622
2019-07-11,2019,3,Thursday,Not Applicable,Not Applicable,0,43447915.62,82.584948
2019-07-16,2019,3,Tuesday,Not Applicable,Not Applicable,0,42666638.66,82.354618
2019-07-17,2019,3,Wednesday,Not Applicable,Not Applicable,0,43262652.82,82.45724
2019-07-18,2019,3,Thursday,Not Applicable,Not Applicable,0,43959727.67,83.872291
2019-07-23,2019,3,Tuesday,Not Applicable,Not Applicable,0,42400131.91,83.381171
2019-07-24,2019,3,Wednesday,Not Applicable,Not Applicable,0,42639577.16,82.489092
2019-07-25,2019,3,Thursday,Not Applicable,Not Applicable,0,43440077.58,82.416762
2019-07-30,2019,3,Tuesday,Not Applicable,Not Applicable,0,42388805.15,84.743972
2019-07-31,2019,3,Wednesday,Not Applicable,Not Applicable,0,42783920,84.857634
2019-08-01,2019,3,Thursday,Not Applicable,Not Applicable,0,43379754.99,84.931113
2019-08-06,2019,3,Tuesday,Not Applicable,Not Applicable,0,42345349.39,84.361653
2019-08-07,2019,3,Wednesday,Not Applicable,Not Applicable,0,42722366.16,84.050516
2019-08-08,2019,3,Thursday,Not Applicable,Not Applicable,0,43692046.46,84.194029
2019-08-13,2019,3,Tuesday,Not Applicable,Not Applicable,0,41857964.13,84.258323
2019-08-14,2019,3,Wednesday,Not Applicable,Not Applicable,0,42168898.1,84.380022
2019-08-15,2019,3,Thursday,Not Applicable,Not Applicable,0,43159780.38,84.44202
2019-08-20,2019,3,Tuesday,Not Applicable,Not Applicable,0,41624721.02,84.864523
2019-08-21,2019,3,Wednesday,Not Applicable,Not Applicable,0,42037274.72,85.148105
2019-08-22,2019,3,Thursday,Not Applicable,Not Applicable,0,42917264.15,85.097588
2019-08-27,2019,3,Tuesday,Not Applicable,Not Applicable,0,41583421.27,83.789655
2019-08-28,2019,3,Wednesday,Not Applicable,Not Applicable,0,42712665.76,84.743352
2019-09-04,2019,3,Wednesday,Not Applicable,Not Applicable,0,41401435.35,84.119075
2019-09-05,2019,3,Thursday,Not Applicable,Not Applicable,0,42386856.15,83.893641
2019-09-10,2019,3,Tuesday,Not Applicable,Not Applicable,0,41707358.33,83.29548
2019-09-11,2019,3,Wednesday,Not Applicable,Not Applicable,0,42169376.31,83.782155
2019-09-12,2019,3,Thursday,Not Applicable,Not Applicable,0,42797425.11,80.742757
2019-09-17,2019,3,Tuesday,Not Applicable,Not Applicable,0,41456924.23,83.095017
2019-09-18,2019,3,Wednesday,Not Applicable,Not Applicable,0,41801722.64,83.983777
2019-09-19,2019,3,Thursday,Not Applicable,Not Applicable,0,43070437.21,84.827346
2019-09-24,2019,3,Tuesday,Not Applicable,Not Applicable,0,41481004.99,84.822711
2019-09-25,2019,3,Wednesday,Not Applicable,Not Applicable,0,42258171.96,85.209733
2019-09-26,2019,3,Thursday,Not Applicable,Not Applicable,0,43015095.05,84.385863
2019-10-01,2019,4,Tuesday,Not Applicable,Not Applicable,0,41287338.14,83.893395
2019-10-02,2019,4,Wednesday,Not Applicable,Not Applicable,0,41381056.69,84.316338
2019-10-03,2019,4,Thursday,Not Applicable,Not Applicable,0,42548774.51,84.69409
2019-10-08,2019,4,Tuesday,Not Applicable,Not Applicable,0,41278924.29,83.710312
2019-10-09,2019,4,Wednesday,Not Applicable,Not Applicable,0,41560104.34,83.874855
2019-10-10,2019,4,Thursday,Not Applicable,Not Applicable,0,42541222.21,82.983777
2019-10-16,2019,4,Wednesday,Not Applicable,Not Applicable,0,41724888.81,84.821552
2019-10-17,2019,4,Thursday,Not Applicable,Not Applicable,0,42573375.14,83.893395
2019-10-22,2019,4,Tuesday,Not Applicable,Not Applicable,0,40618762.08,86.101969
2019-10-23,2019,4,Wednesday,Not Applicable,Not Applicable,0,41357157.49,86.468134
2019-10-24,2019,4,Thursday,Not Applicable,Not Applicable,0,42150605.09,83.984936
2019-10-29,2019,4,Tuesday,Not Applicable,Not Applicable,0,40871543.13,86.630359
2019-10-30,2019,4,Wednesday,Not Applicable,Not Applicable,0,41335823.85,87.546929
2019-10-31,2019,4,Thursday,Not Applicable,Not Applicable,0,40647118.76,87.220162
2019-11-05,2019,4,Tuesday,Not Applicable,Not Applicable,0,40718610.69,85.475086
2019-11-06,2019,4,Wednesday,Not Applicable,Not Applicable,0,41009437.51,85.803012
2019-11-07,2019,4,Thursday,Not Applicable,Not Applicable,0,42080964.35,85.73117
2019-11-13,2019,4,Wednesday,Not Applicable,Not Applicable,0,40905898.59,85.170336
2019-11-14,2019,4,Thursday,Not Applicable,Not Applicable,0,41864786.78,85.880648
2019-11-19,2019,4,Tuesday,Not Applicable,Not Applicable,0,39444895.44,85.091541
2019-11-20,2019,4,Wednesday,Not Applicable,Not Applicable,0,37652995.58,85.27694
2019-11-21,2019,4,Thursday,Not Applicable,Not Applicable,0,40697579.12,84.411355
2019-12-03,2019,4,Tuesday,Not Applicable,Not Applicable,0,40779373.74,83.914252
2019-12-04,2019,4,Wednesday,Not Applicable,Not Applicable,0,36666907.81,80.885283
2019-12-05,2019,4,Thursday,Not Applicable,Not Applicable,0,41749697.44,77.756662
2019-12-10,2019,4,Tuesday,Not Applicable,Not Applicable,0,40848477.84,85.294322
2019-12-11,2019,4,Wednesday,Not Applicable,Not Applicable,0,41482263.67,85.82387
2019-12-12,2019,4,Thursday,Not Applicable,Not Applicable,0,42236666.53,85.8146
2020-01-07,2020,1,Tuesday,Not Applicable,Not Applicable,0,39572256.17,83.881807
2020-01-08,2020,1,Wednesday,Not Applicable,Not Applicable,0,39663419.59,84.125144
2020-01-09,2020,1,Thursday,Not Applicable,Not Applicable,0,39871492.04,84.375434
2020-01-14,2020,1,Tuesday,Not Applicable,Not Applicable,0,40004879.54,83.718424
2020-01-15,2020,1,Wednesday,Not Applicable,Not Applicable,0,40322293.09,83.514484
2020-01-16,2020,1,Thursday,Not Applicable,Not Applicable,0,40994695.34,82.485515
2020-01-22,2020,1,Wednesday,Not Applicable,Not Applicable,0,40233048.78,81.465816
2020-01-23,2020,1,Thursday,Not Applicable,Not Applicable,0,41207023.91,82.791425
2020-01-28,2020,1,Tuesday,Not Applicable,Not Applicable,0,40108658.41,84.289687
2020-01-29,2020,1,Wednesday,Not Applicable,Not Applicable,0,40526176.88,84.607184
2020-01-30,2020,1,Thursday,Not Applicable,Not Applicable,0,41487499.91,85.093858
2020-02-04,2020,1,Tuesday,Not Applicable,Not Applicable,0,40077286.4,84.234067
2020-02-05,2020,1,Wednesday,Not Applicable,Not Applicable,0,40375746.04,84.174971
2020-02-06,2020,1,Thursday,Not Applicable,Not Applicable,0,41242892,84.324449
2020-02-11,2020,1,Tuesday,Not Applicable,Not Applicable,0,40619366.56,83.402085
2020-02-12,2020,1,Wednesday,Not Applicable,Not Applicable,0,41074152.52,85.176129
2020-02-13,2020,1,Thursday,Not Applicable,Not Applicable,0,42608290.89,84.593279
2020-02-19,2020,1,Wednesday,Not Applicable,Not Applicable,0,41230254.96,85.064889
2020-02-20,2020,1,Thursday,Not Applicable,Not Applicable,0,42163547.39,84.974507
2020-02-25,2020,1,Tuesday,Not Applicable,Not Applicable,0,40926518.04,85.054461
2020-02-26,2020,1,Wednesday,Not Applicable,Not Applicable,0,41260140.34,84.522595
2020-02-27,2020,1,Thursday,Not Applicable,Not Applicable,0,42270136.11,84.698725
2020-03-03,2020,1,Tuesday,Not Applicable,Not Applicable,0,41008065.54,84.704519
2020-03-04,2020,1,Wednesday,Not Applicable,Not Applicable,0,41251220.87,84.585168
2020-03-05,2020,1,Thursday,Not Applicable,Not Applicable,0,41932138.05,83.86095
2020-03-10,2020,1,Tuesday,Not Applicable,Not Applicable,0,37380378,83.819235
2020-03-11,2020,1,Wednesday,Not Applicable,Not Applicable,0,39984217.53,82.644264
2020-03-12,2020,1,Thursday,Not Applicable,Not Applicable,0,37674184.64,83.603707
2020-03-17,2020,1,Tuesday,Not Applicable,Not Applicable,0,31425739.9,83.400462
2020-03-18,2020,1,Wednesday,Not Applicable,Not Applicable,0,28111924.93,83.505787
2020-03-19,2020,1,Thursday,Not Applicable,Not Applicable,0,28147358.41,82.578703
2020-03-24,2020,1,Tuesday,Not Applicable,Not Applicable,0,22899897.19,83.657407
2020-03-25,2020,1,Wednesday,Not Applicable,Not Applicable,0,22901801.87,84.173611
2020-03-26,2020,1,Thursday,Not Applicable,Not Applicable,0,23325573,83.299194
2020-04-02,2020,2,Thursday,Not Applicable,Not Applicable,0,23121187.8,84.436133
2020-04-07,2020,2,Tuesday,Not Applicable,Not Applicable,0,20294699.18,80.530494
2020-04-08,2020,2,Wednesday,Not Applicable,Not Applicable,0,21011810.48,79.393555
2020-04-14,2020,2,Tuesday,Not Applicable,Not Applicable,0,23056767.69,83.166858
2020-04-15,2020,2,Wednesday,Not Applicable,Not Applicable,0,23728177.69,83.853855
2020-04-16,2020,2,Thursday,Not Applicable,Not Applicable,0,23915992.97,83.913693
2020-04-21,2020,2,Tuesday,Not Applicable,Not Applicable,0,23960558.7,83.578826
2020-04-22,2020,2,Wednesday,Not Applicable,Not Applicable,0,24572712.06,83.428078
2020-04-23,2020,2,Thursday,Not Applicable,Not Applicable,0,24734369.35,84.140391
2020-04-28,2020,2,Tuesday,Not Applicable,Not Applicable,0,25478495.87,83.683544
2020-04-29,2020,2,Wednesday,Not Applicable,Not Applicable,0,25874637.14,83.444188
2020-04-30,2020,2,Thursday,Not Applicable,Not Applicable,0,26767515.24,83.105868
2020-05-05,2020,2,Tuesday,Not Applicable,Not Applicable,0,26794399.84,84.466052
2020-05-06,2020,2,Wednesday,Not Applicable,Not Applicable,0,27330181.26,83.32451
2020-05-07,2020,2,Thursday,Not Applicable,Not Applicable,0,27872998.02,83.853855
2020-05-12,2020,2,Tuesday,Not Applicable,Not Applicable,0,27376860.71,84.799769
2020-05-13,2020,2,Wednesday,Not Applicable,Not Applicable,0,27901900.77,84.882623
2020-05-14,2020,2,Thursday,Not Applicable,Not Applicable,0,28381360.49,84.356731
2020-05-19,2020,2,Tuesday,Not Applicable,Not Applicable,0,28843293.91,84.224395
2020-05-20,2020,2,Wednesday,Not Applicable,Not Applicable,0,29494319.78,84.70771
2020-05-21,2020,2,Thursday,Not Applicable,Not Applicable,0,30325769.6,83.874568
2020-05-27,2020,2,Wednesday,Not Applicable,Not Applicable,0,30533508.26,82.063291
2020-05-28,2020,2,Thursday,Not Applicable,Not Applicable,0,30930939,79.611047
2020-06-02,2020,2,Tuesday,Not Applicable,Not Applicable,0,30212552.7,83.852873
2020-06-03,2020,2,Wednesday,Not Applicable,Not Applicable,0,31226032.01,83.462068
2020-06-04,2020,2,Thursday,Not Applicable,Not Applicable,0,31700594.4,83.224137
2020-06-09,2020,2,Tuesday,Not Applicable,Not Applicable,0,32223870.63,83.213793
2020-06-10,2020,2,Wednesday,Not Applicable,Not Applicable,0,32914281.73,83.01954
2020-06-11,2020,2,Thursday,Not Applicable,Not Applicable,0,33559639.83,83.172413
2020-06-16,2020,2,Tuesday,Not Applicable,Not Applicable,0,33088406.18,83.855172
2020-06-17,2020,2,Wednesday,Not Applicable,Not Applicable,0,33676359.88,83.670114
2020-06-18,2020,2,Thursday,Not Applicable,Not Applicable,0,34538451.77,83.225287
2020-06-23,2020,2,Tuesday,Not Applicable,Not Applicable,0,33777126.21,81.075862
2020-06-24,2020,2,Wednesday,Not Applicable,Not Applicable,0,34269733.32,81.137931
2020-06-25,2020,2,Thursday,Not Applicable,Not Applicable,0,34966180.37,81.674712
2020-06-30,2020,2,Tuesday,Not Applicable,Not Applicable,0,34284762.95,82.235632
2020-07-01,2020,3,Wednesday,Not Applicable,Not Applicable,0,34941337.21,81.814942
2020-07-07,2020,3,Tuesday,Not Applicable,Not Applicable,0,33752385.06,82.175862
2020-07-08,2020,3,Wednesday,Not Applicable,Not Applicable,0,34295685.33,82.433333
2020-07-09,2020,3,Thursday,Not Applicable,Not Applicable,0,34877099.69,82.4
2020-07-14,2020,3,Tuesday,Not Applicable,Not Applicable,0,34114324.79,67.821839
2020-07-15,2020,3,Wednesday,Not Applicable,Not Applicable,0,34483743.56,60.375862
2020-07-16,2020,3,Thursday,Not Applicable,Not Applicable,0,34807896.64,82.947126
2020-07-21,2020,3,Tuesday,Not Applicable,Not Applicable,0,33920785.89,81.468965
2020-07-22,2020,3,Wednesday,Not Applicable,Not Applicable,0,34489271.67,81.120689
2020-07-23,2020,3,Thursday,Not Applicable,Not Applicable,0,35266683.84,83.627586
2020-07-28,2020,3,Tuesday,Not Applicable,Not Applicable,0,34246092.04,83.652873
2020-07-29,2020,3,Wednesday,Not Applicable,Not Applicable,0,34793036.84,84.102298
2020-07-30,2020,3,Thursday,Not Applicable,Not Applicable,0,35565465.87,83.765517
2020-08-04,2020,3,Tuesday,Not Applicable,Not Applicable,0,34560843.91,83.314942
2020-08-05,2020,3,Wednesday,Not Applicable,Not Applicable,0,34973118.69,83.965517
2020-08-06,2020,3,Thursday,Not Applicable,Not Applicable,0,35654940.86,84.105747
2020-08-11,2020,3,Tuesday,Not Applicable,Not Applicable,0,34748336.66,84.034482
2020-08-12,2020,3,Wednesday,Not Applicable,Not Applicable,0,35349310.31,84.412643
2020-08-13,2020,3,Thursday,Not Applicable,Not Applicable,0,36054276.61,83.435632
2020-08-18,2020,3,Tuesday,Not Applicable,Not Applicable,0,34752578.52,82.586206
2020-08-19,2020,3,Wednesday,Not Applicable,Not Applicable,0,35228564.64,82.548275
2020-08-20,2020,3,Thursday,Not Applicable,Not Applicable,0,36019434.9,83.144827
2020-08-25,2020,3,Tuesday,Not Applicable,Not Applicable,0,34455473.99,83.160919
2020-08-26,2020,3,Wednesday,Not Applicable,Not Applicable,0,35090233.92,83.9
2020-08-27,2020,3,Thursday,Not Applicable,Not Applicable,0,35905703.98,83.860919
2020-09-01,2020,3,Tuesday,Not Applicable,Not Applicable,0,34800373.56,83.889655
2020-09-02,2020,3,Wednesday,Not Applicable,Not Applicable,0,35248988.22,84.364367
2020-09-03,2020,3,Thursday,Not Applicable,Not Applicable,0,36638001.23,83.987356
2020-09-09,2020,3,Wednesday,Not Applicable,Not Applicable,0,35047661.67,79.95977
2020-09-10,2020,3,Thursday,Not Applicable,Not Applicable,0,35775532.93,82.445977
2020-09-15,2020,3,Tuesday,Not Applicable,Not Applicable,0,34920829.07,82.947126
2020-09-16,2020,3,Wednesday,Not Applicable,Not Applicable,0,35754992.32,50.408045
2020-09-17,2020,3,Thursday,Not Applicable,Not Applicable,0,37037027.19,9.95977
2020-09-22,2020,3,Tuesday,Not Applicable,Not Applicable,0,35119647.64,83.144827
2020-09-23,2020,3,Wednesday,Not Applicable,Not Applicable,0,35745503.66,83.93908
2020-09-24,2020,3,Thursday,Not Applicable,Not Applicable,0,36290285.5,85.072413
2020-09-29,2020,3,Tuesday,Not Applicable,Not Applicable,0,35560582.28,43.613793
2020-09-30,2020,3,Wednesday,Not Applicable,Not Applicable,0,36249665.94,12.796551
2020-10-01,2020,4,Thursday,Not Applicable,Not Applicable,0,36713573.69,11.829949
2020-10-06,2020,4,Tuesday,Not Applicable,Not Applicable,0,34519879.73,85.276081
2020-10-07,2020,4,Wednesday,Not Applicable,Not Applicable,0,35011936.43,85.527989
2020-10-08,2020,4,Thursday,Not Applicable,Not Applicable,0,35770291.62,85.284987
2020-10-14,2020,4,Wednesday,Not Applicable,Not Applicable,0,34977590.52,86.641221
2020-10-15,2020,4,Thursday,Not Applicable,Not Applicable,0,35908239.18,85.987277
2020-10-20,2020,4,Tuesday,Not Applicable,Not Applicable,0,34725230,84.945292
2020-10-21,2020,4,Wednesday,Not Applicable,Not Applicable,0,35137813.38,86.812977
2020-10-22,2020,4,Thursday,Not Applicable,Not Applicable,0,35762500.53,86.204834
2020-10-27,2020,4,Tuesday,Not Applicable,Not Applicable,0,34656974.01,84.919847
2020-10-28,2020,4,Wednesday,Not Applicable,Not Applicable,0,35302340.26,86.371501
2020-10-29,2020,4,Thursday,Not Applicable,Not Applicable,0,36169477.12,85.997455
2020-11-03,2020,4,Tuesday,Not Applicable,Not Applicable,0,33688409.82,86.755725
2020-11-04,2020,4,Wednesday,Not Applicable,Not Applicable,0,34034055.31,86.689567
2020-11-05,2020,4,Thursday,Not Applicable,Not Applicable,0,35366133.15,85.958015
2020-11-17,2020,4,Tuesday,Not Applicable,Not Applicable,0,34064157.8,84.914758
2020-11-18,2020,4,Wednesday,Not Applicable,Not Applicable,0,34613590.77,84.160305
2020-11-19,2020,4,Thursday,Not Applicable,Not Applicable,0,35234809.43,83.821882
2020-12-01,2020,4,Tuesday,Not Applicable,Not Applicable,0,33628456.98,83.756997
2020-12-02,2020,4,Wednesday,Not Applicable,Not Applicable,0,33671866.85,83.329516
2020-12-03,2020,4,Thursday,Not Applicable,Not Applicable,0,34090394.75,82.170483
2020-12-08,2020,4,Tuesday,Not Applicable,Not Applicable,0,32214266.93,79.97201
2020-12-09,2020,4,Wednesday,Not Applicable,Not Applicable,0,32889038.13,75.181933
2020-12-10,2020,4,Thursday,Not Applicable,Not Applicable,0,33296280.25,74.931297
2020-12-15,2020,4,Tuesday,Not Applicable,Not Applicable,0,33195427.24,80.535623
2020-12-16,2020,4,Wednesday,Not Applicable,Not Applicable,0,33591654.74,81.362595
2020-12-17,2020,4,Thursday,Not Applicable,Not Applicable,0,33911498.73,81.778625
2020-12-30,2020,4,Wednesday,Not Applicable,Not Applicable,0,33327105.64,82.800254
2020-12-31,2020,4,Thursday,Not Applicable,Not Applicable,0,29874022.9,82.559796
